{
  "Baseline": {
    "mse": 0.0011764131486415863,
    "rmse": 0.03429887816309929,
    "mae": 0.023688632994890213,
    "r2": 0.9814254231750965,
    "num_samples": 4
  },
  "Model_1": {
    "mse": 0.0020563695579767227,
    "rmse": 0.04534721001982689,
    "mae": 0.030761945992708206,
    "r2": 0.9675316475331783,
    "num_samples": 4
  },
  "Model_2": {
    "mse": 0.0020563695579767227,
    "rmse": 0.04534721001982689,
    "mae": 0.030761945992708206,
    "r2": 0.9675316475331783,
    "num_samples": 4
  }
}